{"cash": 618.4052429199221, "holdings": {"GOOGL": -26, "MSFT": -25}, "total_value": 9990.794937133789, "short_positions": {"MSFT": 500.3399963378906, "GOOGL": 239.75999450683594}}