{"cash": 207.84965515136787, "holdings": {}, "total_value": 8987.709915161133, "short_positions": {}}